customer_id,nombre,email,ciudad,canal_adquisicion,fecha_alta
C0001,Gema Alonso,filomenaprats@example.net,Málaga,paid,2023-07-13
C0002,Roldán Fábregas,clara29@example.com,Barcelona,tienda,2024-12-26
C0003,Gertrudis Fonseca,amandonoguera@example.net,Málaga,tienda,2025-08-14
C0004,Julie Antón,iborrateofila@example.com,Madrid,organico,2023-05-05
C0005,Nando Rivas,trius@example.net,Málaga,referral,2023-08-12
C0006,Dalila Luna,ypuig@example.org,Sevilla,paid,2024-01-25
C0007,Marita Molins,btapia@example.net,Alicante,paid,2025-05-14
C0008,Cloe Álamo,estebanmarino@example.org,Valencia,referral,2025-08-05
C0009,Maura Tudela,augusto01@example.com,Sevilla,organico,2025-06-26
C0010,Máxima Ortuño,gmendez@example.org,,organico,2023-01-31
C0011,Violeta Pardo,tsevillano@example.net,Barcelona,paid,2023-12-07
C0012,Rafael Garrido,moraledanoemi@example.org,Málaga,tienda,2025-09-12
C0013,Vito Pavón,asuncion30@example.com,Sevilla,tienda,2023-05-01
C0014,Nacio Franco,uriateofila@example.org,Valencia,tienda,2023-01-05
C0015,Casandra Salgado,ferreraliliana@example.org,Málaga,referral,2025-07-20
C0016,Jose Carlos Puga,cuadradofanny@example.net,Bilbao,tienda,2025-09-23
C0017,Amancio Salas,bermejocornelio@example.net,Valencia,paid,2024-08-30
C0018,Baltasar Salvador,luquecloe@example.org,Sevilla,organico,2023-05-05
C0019,Emilio Diez,sbarriga@example.org,Zaragoza,organico,2023-04-13
C0020,Odalis Alemán,nnicolas@example.com,Alicante,paid,2023-04-27
C0021,Julia Arroyo,emperatrizalfonso@example.org,Barcelona,paid,2023-05-21
C0022,Azeneth Montes,constanza35@example.net,Barcelona,paid,2025-04-06
C0023,María Luisa Múgica,edgarmiro@example.net,Barcelona,paid,2023-03-23
C0024,Félix Macias,ceferino45@example.com,Barcelona,tienda,2025-12-06
C0025,Natalia Nevado,xhuguet@example.org,Zaragoza,referral,2024-02-23
C0026,David Olivera,valcarcellorenzo@example.com,Zaragoza,paid,2024-06-27
C0027,Trinidad Ferrándiz,calixta24@example.net,Málaga,paid,2024-09-06
C0028,Bernardino Díaz,estebanarnaiz@example.org,Alicante,referral,2023-05-29
C0029,Ciríaco Figuerola,barrenajennifer@example.net,Madrid,tienda,2023-07-24
C0030,Saturnina Mas,egutierrez@example.com,,paid,2025-11-02
C0031,Noelia Sanjuan,pelaezestela@example.com,Bilbao,paid,2024-12-15
C0032,Vidal Gonzalo,alejandra12@example.com,Barcelona,paid,2025-01-26
C0033,Águeda Pedrero,leivaema@example.net,Bilbao,paid,2025-06-16
C0034,Alex Solana,edgardobatalla@example.net,Bilbao,organico,2024-09-05
C0035,Martirio Tenorio,teodoro05@example.org,Barcelona,paid,2024-06-25
C0036,Quirino Enríquez,adelaida32@example.com,Barcelona,organico,2023-11-15
C0037,Sabina Real,serranoleandro@example.net,Bilbao,referral,2024-03-07
C0038,Gaspar Gonzalo,ciniguez@example.org,Zaragoza,paid,2024-06-24
C0039,Serafina Tamayo,harohermenegildo@example.org,Alicante,referral,2023-04-15
C0040,Francisco Macias,brunildaserra@example.com,Barcelona,tienda,2024-07-20
C0041,Ariadna Pombo,curro07@example.com,Madrid,organico,2024-11-14
C0042,Joel Ramirez,nestorchacon@example.com,Valencia,referral,2023-11-27
C0043,Ignacia Frías,maricelacarretero@example.com,,tienda,2023-01-20
C0044,Cristian Julián,anguloalicia@example.org,Barcelona,organico,2023-11-02
C0045,Sandalio Vall,soteloeric@example.net,Madrid,referral,2023-10-31
C0046,Candelaria Mayo,hurtadopatricio@example.org,Málaga,paid,2023-03-27
C0047,Miguel Sandoval,rmancebo@example.org,Bilbao,referral,2023-03-23
C0048,Glauco Llano,franciscoclara@example.net,,paid,2024-05-26
C0049,Rosalva Chaves,teobaldobenitez@example.net,Barcelona,referral,2025-04-12
C0050,Heliodoro Yuste,pelaezespiridion@example.net,Valencia,paid,2023-11-29
C0051,Luciano Domínguez,qtorrent@example.org,Valencia,tienda,2023-02-20
C0052,Jose Manuel Galvez,alex28@example.com,Valencia,referral,2025-04-23
C0053,Ruperta Sanabria,mfuertes@example.com,Sevilla,referral,2023-11-23
C0054,Obdulia Maza,lino38@example.net,Barcelona,tienda,2023-03-21
C0055,Vera Samper,manzanoeligia@example.org,Alicante,paid,2024-02-13
C0056,Purificación Laguna,lucenaprimitivo@example.org,Alicante,referral,2024-09-17
C0057,Ambrosio Diéguez,hipolito88@example.org,,paid,2023-02-18
C0058,Rogelio Barrio,carneronatalio@example.net,Sevilla,tienda,2024-11-03
C0059,Natalia Fernandez,benigno60@example.net,Bilbao,organico,2024-07-25
C0060,Javiera Herranz,,Zaragoza,tienda,2024-11-09
C0061,Marciano Morata,wtolosa@example.com,Madrid,organico,2024-06-18
C0062,Tomasa Murillo,victor-manuel05@example.org,Valencia,referral,2023-03-20
C0063,Fausto Toledo,porterojose-miguel@example.org,Barcelona,tienda,2024-12-08
C0064,Ángela Mate,vasco50@example.org,Zaragoza,tienda,2025-11-13
C0065,Chita Real,barredabelen@example.net,Barcelona,tienda,2024-01-25
C0066,Clementina Jove,eloymercader@example.net,Bilbao,organico,2025-06-12
C0067,Débora Viña,amando50@example.org,,paid,2025-01-15
C0068,Paz Trillo,vicenta98@example.org,Málaga,organico,2024-11-07
C0069,Pili Botella,fbarrena@example.org,Zaragoza,organico,2024-09-07
C0070,Ani Hoyos,calista31@example.net,Bilbao,tienda,2024-10-30
C0071,Goyo Montenegro,lorenzocelia@example.net,,referral,2023-09-18
C0072,Amada Silva,casesmaria-belen@example.com,Sevilla,tienda,2025-02-15
C0073,Jovita Ariza,tristan32@example.com,Valencia,referral,2025-04-11
C0074,Eliseo Barco,carrenoainara@example.org,Madrid,referral,2024-08-10
C0075,Juana Barba,nunezalonso@example.org,Sevilla,tienda,2024-10-21
C0076,Asunción Pacheco,scampillo@example.org,Alicante,tienda,2025-06-24
C0077,Arturo Zamorano,,Sevilla,tienda,2023-12-14
C0078,Jose Aguirre,gsolis@example.org,Barcelona,referral,2025-11-21
C0079,Emperatriz Gutierrez,lazaro21@example.net,Zaragoza,organico,2024-04-26
C0080,Cornelio Giménez,armasflorencio@example.org,Bilbao,paid,2024-02-12
C0081,Asunción Castells,quintanillacristina@example.com,Valencia,organico,2023-04-05
C0082,Inés Verdugo,juan-manuelmenendez@example.com,Sevilla,tienda,2023-05-30
C0083,Estrella Martínez,teodosiobernat@example.org,Alicante,tienda,2024-02-03
C0084,Amaro Salgado,pallaresjuan-francisco@example.org,Málaga,tienda,2025-03-29
C0085,Hermenegildo Villegas,larranagaivan@example.net,Sevilla,paid,2023-01-12
C0086,Jose Miguel Arana,barcotelmo@example.net,Barcelona,tienda,2024-03-24
C0087,Fidel Martín,angelicasanjuan@example.net,Valencia,tienda,2023-04-13
C0088,Apolonia Ferreras,cerezojose-miguel@example.org,Sevilla,organico,2025-07-23
C0089,Carina Vendrell,odalis09@example.com,Valencia,tienda,2025-12-23
C0090,Cosme Álvarez,gonzalomancebo@example.com,Zaragoza,tienda,2025-10-30
C0091,Cleto Luján,rozasjesusa@example.net,,tienda,2023-11-22
C0092,Armida Carranza,fpardo@example.org,Alicante,tienda,2024-06-14
C0093,Seve Olmo,porfiriomateos@example.net,Sevilla,referral,2025-12-03
C0094,Diana Acevedo,basiliocerda@example.net,,paid,2024-07-16
C0095,Nicolás Morán,bmartinez@example.net,Alicante,organico,2024-08-08
C0096,Hilda Cervera,bernardinomartorell@example.org,Sevilla,referral,2024-11-18
C0097,África Iglesias,upeinado@example.org,Zaragoza,organico,2023-10-11
C0098,Oriana Sacristán,guadalupe59@example.org,Valencia,paid,2025-02-23
C0099,Jordi Gimenez,hectorvinas@example.net,Valencia,paid,2023-05-12
C0100,Adalberto Tapia,regina26@example.net,Málaga,tienda,2024-11-08
C0101,Miriam Guillen,ema95@example.net,,tienda,2023-05-08
C0102,Danilo Almazán,,Sevilla,tienda,2025-03-08
C0103,Martin Agustí,colomacamila@example.org,Madrid,tienda,2025-09-03
C0104,Trinidad Cervantes,hipolito16@example.org,Madrid,referral,2024-09-03
C0105,Flavia Dávila,baltasarvazquez@example.org,Málaga,tienda,2024-03-27
C0106,Vicenta Soria,arenasmartirio@example.net,Alicante,paid,2024-07-12
C0107,Anselma Lloret,modestovalencia@example.com,Málaga,tienda,2023-03-01
C0108,Flor Avilés,tomasavillaverde@example.com,Málaga,referral,2025-04-08
C0109,Victoriano Chaves,victor-manuel21@example.com,Valencia,tienda,2023-09-19
C0110,Gil Rosado,expositojose-francisco@example.com,Madrid,tienda,2023-02-25
C0111,Omar Galiano,ana-sofia10@example.com,Barcelona,tienda,2023-10-05
C0112,Elpidio Manso,morangertrudis@example.org,Alicante,paid,2023-04-13
C0113,Prudencia Quintero,carmelo96@example.org,Bilbao,tienda,2024-11-01
C0114,Amaro Vara,cristobal22@example.org,Sevilla,tienda,2024-10-31
C0115,Leandra Llano,xrojas@example.net,Zaragoza,tienda,2024-07-23
C0116,Georgina Torrecilla,reynaldo78@example.com,Málaga,referral,2023-06-17
C0117,Bautista Almagro,adelardo35@example.net,Alicante,organico,2023-04-17
C0118,Montserrat Reina,kcastaneda@example.org,Zaragoza,paid,2023-05-21
C0119,Gervasio Velasco,mayoralelvira@example.net,Madrid,organico,2024-05-21
C0120,Esmeralda Roldán,celiaolmo@example.com,Sevilla,organico,2023-11-09
C0121,Guillermo Pozuelo,yustemaria-jose@example.org,Sevilla,paid,2025-08-27
C0122,Valero Palomino,eloisa07@example.net,Barcelona,paid,2025-08-10
C0123,Aureliano Bellido,eliseomoll@example.net,Bilbao,referral,2023-12-10
C0124,Alcides Paredes,alejandro62@example.net,Barcelona,paid,2024-09-29
C0125,Camila Lumbreras,jaime10@example.org,Barcelona,organico,2024-09-30
C0126,Loreto Luna,amando70@example.net,Málaga,tienda,2024-02-11
C0127,Ariel Acuña,guerraherminia@example.net,Barcelona,paid,2023-07-28
C0128,Edelmiro Capdevila,diego84@example.org,Bilbao,organico,2023-03-26
C0129,Rodrigo Linares,riberafulgencio@example.net,Zaragoza,tienda,2025-01-28
C0130,Guiomar Granados,isaura62@example.org,Barcelona,referral,2023-01-26
C0131,Reyes Manzano,martilupita@example.com,Málaga,tienda,2023-08-05
C0132,Adrián Olivares,jose-franciscoboada@example.org,Málaga,referral,2025-07-30
C0133,Ruben Zaragoza,aroaboada@example.com,Valencia,tienda,2023-12-27
C0134,Jose Luis Puente,arocamanuela@example.net,Bilbao,tienda,2025-08-10
C0135,Florentino Cabeza,virginia11@example.net,Málaga,referral,2024-10-22
C0136,Isa Cañete,zalegre@example.org,Sevilla,organico,2024-07-25
C0137,Camila Capdevila,,Alicante,paid,2025-08-09
C0138,Alonso Dominguez,reina83@example.net,Málaga,referral,2023-02-28
C0139,Raimundo Bernat,jesusa78@example.net,Alicante,referral,2024-01-08
C0140,Sebastián Sandoval,,Alicante,paid,2024-12-27
C0141,Ulises Perales,kartigas@example.net,Bilbao,referral,2024-07-26
C0142,Vicenta Estrada,leopoldocarrillo@example.org,Bilbao,organico,2025-11-24
C0143,Evangelina Vicens,susanitamanrique@example.org,Sevilla,organico,2024-05-09
C0144,Heraclio Marco,ollersabas@example.com,Málaga,tienda,2024-05-07
C0145,Arturo Fábregas,barcoevangelina@example.com,Alicante,tienda,2025-07-06
C0146,Herminio Solís,placido52@example.net,Madrid,organico,2024-08-25
C0147,Juanita Losada,nereaferrandez@example.com,Sevilla,tienda,2024-05-13
C0148,Juan Pablo Cabañas,falcoleyre@example.org,Bilbao,referral,2025-08-27
C0149,Marta Ramirez,marisol94@example.net,Zaragoza,tienda,2024-11-08
C0150,Conrado Acedo,alondramarti@example.org,Zaragoza,tienda,2024-07-08
C0151,Primitivo Acero,gastonaznar@example.net,Bilbao,referral,2024-04-17
C0152,Blas Llamas,cuadradoignacio@example.com,Barcelona,paid,2024-10-08
C0153,Rico Bilbao,gonzalovelez@example.com,Barcelona,paid,2024-01-28
C0154,Leocadio Diaz,anayaponcio@example.org,Sevilla,tienda,2024-07-20
C0155,Venceslás Querol,jovita99@example.net,Bilbao,organico,2024-02-02
C0156,Herminio Cabrero,spena@example.com,Bilbao,paid,2025-01-09
C0157,Alexandra Herranz,lazaro37@example.com,Valencia,referral,2023-01-29
C0158,Azucena Mateo,arroyoguadalupe@example.net,Valencia,referral,2023-04-04
C0159,Néstor Tamarit,feliciana49@example.com,Madrid,referral,2023-09-16
C0160,Dionisio Comas,pilarinfante@example.net,Alicante,organico,2023-01-26
C0161,Vera Lobo,corona82@example.net,Bilbao,tienda,2025-09-07
C0162,Leopoldo Armengol,charotormo@example.net,Alicante,referral,2024-01-13
C0163,Chus Nogueira,manzanopalmira@example.org,Madrid,referral,2025-09-05
C0164,Amando Galindo,ciriacobarrios@example.org,Barcelona,organico,2025-03-31
C0165,Begoña Reina,oliviapriego@example.com,Alicante,organico,2023-04-20
C0166,Federico Talavera,roigjulie@example.net,Valencia,paid,2024-09-14
C0167,Guiomar Ayuso,gonzalezdolores@example.net,Barcelona,paid,2023-08-31
C0168,Rocío Aguilera,spedraza@example.com,Málaga,paid,2025-12-06
C0169,Víctor Simó,mayte56@example.net,Málaga,tienda,2025-06-25
C0170,Luna Tejera,duenascandido@example.net,Bilbao,tienda,2024-09-17
C0171,Luís Zapata,felipa39@example.org,Madrid,organico,2024-03-01
C0172,Nazaret Botella,anselmo37@example.com,Sevilla,referral,2023-06-16
C0173,Josep Menendez,adoracion56@example.org,,paid,2023-12-22
C0174,Azeneth Benavent,eguardiola@example.net,Barcelona,paid,2023-01-06
C0175,Reyna Peralta,,Málaga,tienda,2025-08-20
C0176,Dani Sáenz,cintia97@example.org,Bilbao,organico,2024-04-19
C0177,Azucena Nebot,saenzmarco@example.net,Bilbao,referral,2025-07-18
C0178,Ariel Fuentes,claudianunez@example.net,Barcelona,paid,2024-06-25
C0179,Azucena Andres,ysaldana@example.org,Sevilla,tienda,2023-08-24
C0180,Vinicio Berenguer,urbanocalleja@example.org,Sevilla,paid,2024-06-28
C0181,Aurelio Tomás,alvarezfabricio@example.net,Valencia,organico,2023-05-03
C0182,Rosendo Rozas,mariaaliaga@example.org,Valencia,referral,2024-08-14
C0183,Emelina Bellido,martinezabilio@example.org,Alicante,organico,2025-08-17
C0184,Berto Verdú,lmancebo@example.org,Bilbao,tienda,2024-07-11
C0185,Francisco Mena,martinezsaturnina@example.org,Alicante,tienda,2023-06-14
C0186,Elba Rey,marinocelia@example.net,Madrid,tienda,2024-10-22
C0187,Leonor Sastre,ana-sofiacardona@example.org,Bilbao,organico,2023-07-07
C0188,Nazaret Gallardo,oterocrescencia@example.org,Sevilla,organico,2024-07-05
C0189,Epifanio Terrón,zsaura@example.net,Madrid,paid,2025-08-21
C0190,Marcial Monreal,luisina65@example.com,Alicante,referral,2024-01-07
C0191,Bartolomé Calzada,cervantesmanuel@example.com,Málaga,tienda,2023-07-06
C0192,Araceli Quintanilla,maria-angeles73@example.org,Alicante,referral,2025-04-16
C0193,Victoria Valderrama,anibalmorell@example.com,Zaragoza,referral,2023-08-03
C0194,Celia Paniagua,mateogabino@example.net,Valencia,referral,2025-04-23
C0195,Jesusa Sastre,franciscojose-antonio@example.org,Alicante,referral,2025-03-31
C0196,América Sales,wcespedes@example.com,Madrid,tienda,2023-06-30
C0197,Leonor Lucas,pastorbernad@example.org,Zaragoza,referral,2024-10-24
C0198,Ulises Vallejo,riosdiego@example.org,Barcelona,tienda,2025-11-19
C0199,Edelmira Clemente,,Madrid,tienda,2025-04-26
C0200,Adelia Paniagua,augustocarrasco@example.org,Madrid,paid,2025-11-27
C0201,Iván Velasco,celestino39@example.org,Zaragoza,tienda,2025-06-24
C0202,Ale Vélez,mateomorell@example.com,Madrid,paid,2024-06-30
C0203,Macario Bermejo,regulo73@example.org,Valencia,referral,2025-06-16
C0204,Candelas Alvarado,codinaeulalia@example.com,Alicante,organico,2023-03-01
C0205,Roberta Sancho,lorenzavazquez@example.net,Sevilla,paid,2024-09-28
C0206,Amancio Amador,vferrandiz@example.org,Madrid,tienda,2023-07-10
C0207,Adora Morell,victorianoalcantara@example.net,Sevilla,organico,2025-08-03
C0208,Julián Abascal,uescribano@example.com,Barcelona,paid,2025-10-17
C0209,Etelvina Ayala,agustin18@example.com,Bilbao,referral,2025-04-30
C0210,Heliodoro Melero,gilvigil@example.net,Alicante,tienda,2024-05-14
C0211,Santiago Castells,,Alicante,paid,2025-02-24
C0212,Sofía Palomo,dalilabenet@example.org,Sevilla,paid,2023-05-23
C0213,Rosaura Revilla,arjonajenny@example.com,Bilbao,tienda,2024-11-27
C0214,Tiburcio Tejedor,pnavarrete@example.org,,organico,2024-08-02
C0215,María Del Carmen Andrade,bartolomemarianela@example.com,Bilbao,tienda,2023-11-01
C0216,Silvestre Castañeda,csolera@example.com,Alicante,tienda,2024-12-07
C0217,Conrado Montesinos,ingridpinto@example.org,Zaragoza,tienda,2025-07-21
C0218,Soledad Oliveras,ipombo@example.net,Zaragoza,paid,2024-05-04
C0219,Modesta Velasco,nicolasa58@example.org,Málaga,paid,2025-04-21
C0220,Roberta Beltrán,haroldo13@example.com,Madrid,referral,2025-08-26
C0221,Fausto Valenzuela,cpedraza@example.org,Málaga,tienda,2023-11-08
C0222,Jorge Quiroga,maxi70@example.net,Alicante,organico,2023-09-16
C0223,Mohamed Ortiz,antonio20@example.org,Zaragoza,organico,2025-06-20
C0224,Tiburcio Lara,marianatejera@example.net,Barcelona,tienda,2023-02-01
C0225,Rosario Rocha,arnalpaloma@example.org,Valencia,tienda,2023-11-13
C0226,Seve Macias,kugarte@example.org,Barcelona,tienda,2024-06-26
C0227,Jordi Mate,baudelioleon@example.org,Zaragoza,tienda,2023-06-14
C0228,Rosenda Oliva,hipolito62@example.net,Zaragoza,tienda,2024-10-10
C0229,Dani Elías,jordana69@example.org,Alicante,organico,2023-05-21
C0230,Gertrudis Palma,acunamanolo@example.org,Sevilla,referral,2024-04-10
C0231,Aurelia Salmerón,elias20@example.net,Barcelona,tienda,2023-07-21
C0232,Humberto Barberá,julio-cesarabellan@example.net,Barcelona,tienda,2023-12-07
C0233,Ámbar Luís,debora54@example.net,Bilbao,organico,2023-04-05
C0234,Sebastian Posada,petronaaliaga@example.org,,organico,2024-08-23
C0235,Victoria Trillo,azucenasevillano@example.org,Zaragoza,referral,2025-06-01
C0236,Humberto Echeverría,,Valencia,paid,2025-12-23
C0237,Nicanor Cabanillas,francocandida@example.com,Málaga,paid,2023-12-15
C0238,Nazario Bernat,maria-dolores97@example.com,Valencia,organico,2025-02-22
C0239,Galo Aragonés,leoncio12@example.net,Sevilla,tienda,2023-10-21
C0240,Josep Salazar,carmentapia@example.org,Sevilla,tienda,2024-06-04
C0241,Leocadio Pont,apla@example.org,Alicante,referral,2023-01-20
C0242,Jacinto Cervantes,lbernat@example.org,Alicante,referral,2023-11-20
C0243,Fabio Figueras,natanaelplana@example.com,Barcelona,tienda,2024-12-08
C0244,Brígida Guzman,vicenteteodora@example.com,Bilbao,tienda,2024-05-27
C0245,Lucas Bonet,yarteaga@example.com,Alicante,referral,2024-02-12
C0246,Dionisio Busquets,manuelaranda@example.org,Málaga,tienda,2023-08-07
C0247,Benjamín Barriga,martinbilbao@example.org,Sevilla,tienda,2025-01-05
C0248,Natanael Alegre,ginertrini@example.net,Bilbao,referral,2023-02-14
C0249,Florentino Ramón,celestina87@example.com,Málaga,referral,2023-01-17
C0250,Lázaro Hernando,torrentciriaco@example.org,Madrid,tienda,2024-08-09
C0251,María Manuela Plaza,sotosebastian@example.net,Sevilla,referral,2024-03-24
C0252,Elpidio Roig,aduran@example.net,Sevilla,referral,2023-10-08
C0253,América Quintana,casadoselena@example.net,Barcelona,organico,2024-09-24
C0254,Curro Tenorio,miguelflora@example.com,Alicante,organico,2025-01-17
C0255,Patricia Peñas,vsotelo@example.org,,organico,2024-08-27
C0256,Isidro Bonilla,esalcedo@example.org,Zaragoza,tienda,2023-12-26
C0257,Anita Mur,fannymuniz@example.net,Sevilla,paid,2025-01-19
C0258,Lupita Naranjo,eusebio69@example.net,Bilbao,paid,2024-06-10
C0259,Teófilo Rebollo,macarenamartin@example.org,Alicante,referral,2024-11-24
C0260,Cecilia Doménech,fermincanizares@example.com,Barcelona,tienda,2023-06-04
C0261,Tamara Arrieta,miguelagarriga@example.org,Valencia,paid,2025-03-24
C0262,Aureliano Castell,valerocanals@example.com,Zaragoza,organico,2025-03-19
C0263,Lara Gálvez,neirajose-ramon@example.net,Madrid,referral,2023-09-11
C0264,Anna Cáceres,itenorio@example.org,Alicante,referral,2024-06-20
C0265,Ernesto Barco,rita31@example.net,,referral,2023-08-10
C0266,Joaquín Espejo,aura80@example.org,Sevilla,tienda,2023-02-21
C0267,Modesto Castell,baronzoraida@example.org,Zaragoza,paid,2023-05-10
C0268,Telmo Cánovas,puigxiomara@example.org,Alicante,referral,2025-04-16
C0269,Marco Garriga,sanchezagueda@example.net,Barcelona,paid,2023-04-03
C0270,Jimena Cisneros,valeriocordoba@example.net,Madrid,referral,2025-10-05
C0271,Xiomara Porcel,felicianacalderon@example.com,Barcelona,organico,2024-04-25
C0272,Luz Martí,herbertopozo@example.net,Valencia,tienda,2025-07-18
C0273,Juan Carlos Campillo,carballoblas@example.com,Zaragoza,tienda,2023-11-13
C0274,Leandro Rebollo,inmaculadacarrasco@example.net,Málaga,organico,2025-09-29
C0275,Elías Martin,collperla@example.net,Málaga,referral,2023-03-09
C0276,María Cristina Ledesma,ugarrido@example.net,Zaragoza,paid,2025-06-27
C0277,Marciano Bartolomé,hermenegildo47@example.org,Alicante,paid,2025-01-12
C0278,Mónica Bartolomé,blancobelen@example.net,Barcelona,referral,2025-01-04
C0279,Consuela Paz,alonsosole@example.org,Madrid,tienda,2024-07-19
C0280,Nereida Feliu,bleon@example.org,Sevilla,organico,2025-07-20
C0281,Faustino Mercader,,Barcelona,paid,2023-02-13
C0282,Calixto Barros,iriarteelisabet@example.org,Madrid,referral,2024-05-13
C0283,Jose Ramón Porras,anselmo89@example.net,Valencia,paid,2023-05-21
C0284,Anabel Aguirre,arenasruth@example.com,Sevilla,paid,2024-04-22
C0285,Javier Iglesia,cerdanvioleta@example.com,Zaragoza,paid,2023-01-06
C0286,Rafael Amat,panfilo84@example.org,Bilbao,paid,2023-09-24
C0287,Macarena Belda,melisaaparicio@example.org,Bilbao,paid,2023-08-14
C0288,Máximo Novoa,itziarflor@example.com,Madrid,paid,2023-01-31
C0289,Dionisia Tamayo,opoza@example.org,Zaragoza,paid,2024-10-25
C0290,Beatriz Roig,querolfeliciana@example.com,Madrid,paid,2024-06-27
C0291,Eutimio Pina,mcarrasco@example.com,Madrid,paid,2025-05-12
C0292,Macarena Gallego,anastasia95@example.org,Barcelona,organico,2025-09-02
C0293,Pánfilo Romeu,amado01@example.com,Alicante,referral,2025-11-17
C0294,Clara Páez,reynafiguerola@example.com,,tienda,2025-10-28
C0295,Custodio Manzano,tatiana66@example.org,Sevilla,organico,2025-12-03
C0296,Íngrid Pérez,ernestoocana@example.org,Bilbao,tienda,2023-03-05
C0297,Erasmo Solís,ugodoy@example.com,Madrid,tienda,2025-04-02
C0298,Alejandra Hervia,herminia28@example.org,Málaga,organico,2025-10-01
C0299,Amancio Sotelo,montenegroyolanda@example.org,Alicante,organico,2023-06-15
C0300,Celestino Cornejo,rmunoz@example.org,Zaragoza,paid,2023-05-15
C0301,Julio César Canales,ycodina@example.net,Valencia,referral,2024-10-27
C0302,Cipriano Ojeda,frosello@example.org,Málaga,referral,2025-07-18
C0303,Calisto Carmona,yessica68@example.net,,organico,2023-08-23
C0304,Alma Valcárcel,bastidaimelda@example.org,Sevilla,tienda,2025-07-13
C0305,Mamen Torrens,lazaropedrosa@example.net,Sevilla,tienda,2024-11-25
C0306,Vito Manzano,maria-cristinacorbacho@example.org,Alicante,tienda,2025-05-01
C0307,Nerea Martinez,rosario66@example.org,Barcelona,referral,2025-05-24
C0308,Manola Piñeiro,arcoelena@example.net,Zaragoza,referral,2025-02-05
C0309,Rico Luís,gironaleyre@example.com,Valencia,tienda,2023-05-18
C0310,Balduino Ariño,felixripoll@example.net,Barcelona,organico,2023-07-10
C0311,María Dolores Bauzà,nevadochuy@example.net,Málaga,organico,2025-02-02
C0312,Noa Soria,wcampo@example.net,Valencia,organico,2024-11-06
C0313,Calixto Toledo,flor06@example.org,Barcelona,tienda,2024-12-25
C0314,Magdalena Franch,valero41@example.org,Málaga,organico,2024-08-12
C0315,Jimena Asenjo,erasmo63@example.net,,referral,2023-08-01
C0316,Leticia Cepeda,paguila@example.net,Sevilla,paid,2025-09-14
C0317,Amparo Bertrán,edubas@example.com,Sevilla,organico,2024-12-18
C0318,Javiera Blazquez,arturocamara@example.net,Zaragoza,organico,2024-07-24
C0319,Juliana Cerro,eugenio68@example.com,Sevilla,tienda,2023-02-23
C0320,Lupe Galán,,Bilbao,organico,2024-01-05
C0321,Abigaíl Raya,carina49@example.org,Bilbao,referral,2024-11-26
C0322,Encarnita Mayo,gloria86@example.org,Zaragoza,organico,2024-01-07
C0323,Anita Aznar,castellcasandra@example.net,Valencia,tienda,2023-05-23
C0324,Estefanía Prat,corona20@example.org,Valencia,organico,2023-07-07
C0325,Javier Carpio,primitivavalero@example.net,Sevilla,tienda,2025-05-09
C0326,Danilo España,eulalia51@example.org,Alicante,referral,2023-11-19
C0327,Nicodemo Lastra,tejeranidia@example.com,Zaragoza,referral,2024-10-26
C0328,Anna Sandoval,qrivera@example.org,Barcelona,organico,2023-11-15
C0329,Chus Benavent,zacarias08@example.com,Valencia,organico,2023-06-17
C0330,Apolonia Villalba,maria-fernanda36@example.org,Bilbao,tienda,2025-05-18
C0331,Maristela Aragonés,mandrade@example.org,Alicante,tienda,2025-04-28
C0332,Diana León,cadenascurro@example.net,Bilbao,paid,2025-11-15
C0333,Mireia Palomares,lbotella@example.net,Barcelona,referral,2025-05-30
C0334,Bernardita Ochoa,otilia18@example.com,Barcelona,referral,2025-09-23
C0335,Fausto Ramón,itziardiaz@example.net,Bilbao,organico,2024-03-27
C0336,Eugenio Pedro,adelina92@example.net,Málaga,organico,2023-01-16
C0337,Aura Acuña,zplanas@example.net,Sevilla,referral,2024-03-08
C0338,Dalila Gaya,scarro@example.org,Valencia,referral,2024-08-15
C0339,Salomé Menéndez,angelino06@example.org,Zaragoza,organico,2023-01-16
C0340,Nélida Herranz,soledadtolosa@example.net,Alicante,tienda,2023-12-26
C0341,Aristides Carro,rodolfo00@example.org,Valencia,tienda,2025-12-26
C0342,Daniela Iniesta,porfirio93@example.net,Sevilla,referral,2023-05-28
C0343,Nacho Benavides,rosalindasaenz@example.com,Málaga,organico,2025-06-12
C0344,Gloria Pallarès,gamezflorinda@example.org,Madrid,tienda,2023-06-09
C0345,Dionisia Espinosa,inocenciomontes@example.com,Zaragoza,tienda,2025-04-08
C0346,Severiano Heras,teodoro42@example.net,Málaga,referral,2023-08-24
C0347,Ramiro Durán,,Málaga,organico,2024-10-27
C0348,Emilio Gisbert,anselmo81@example.org,Valencia,tienda,2025-01-11
C0349,Lucila Hervás,sferrer@example.com,Barcelona,tienda,2023-08-05
C0350,Lara Pou,casaltristan@example.org,Sevilla,tienda,2025-03-31
C0351,Luis Ángel Ávila,nmari@example.org,Barcelona,tienda,2024-09-27
C0352,Natalia Ayala,nandres@example.net,Zaragoza,paid,2024-11-13
C0353,Mario Tirado,hgimeno@example.com,Valencia,organico,2025-11-11
C0354,Renato Roig,emigdio41@example.net,Barcelona,paid,2024-12-16
C0355,Alonso Blanco,lmartin@example.net,Zaragoza,paid,2024-04-28
C0356,Bautista Calvet,gilabertfortunata@example.com,Barcelona,paid,2024-06-08
C0357,Narciso Mariño,filomena57@example.org,Sevilla,paid,2023-11-10
C0358,Lucas Lamas,fonsecaivan@example.com,Barcelona,paid,2025-10-08
C0359,Antonio Aragonés,omillan@example.com,Alicante,tienda,2024-10-23
C0360,Amancio Verdú,rosmaricela@example.net,Zaragoza,paid,2025-06-19
C0361,Darío Lledó,royobelen@example.org,Barcelona,tienda,2025-06-24
C0362,Lucía Asenjo,almagroeli@example.org,,referral,2023-04-26
C0363,Leticia Guzmán,augusto45@example.com,Zaragoza,organico,2024-09-27
C0364,Rocío Manzano,bsolana@example.net,Alicante,tienda,2023-03-19
C0365,Reina Galindo,marita59@example.com,Madrid,referral,2024-08-10
C0366,Danilo Catalán,vcalleja@example.net,Barcelona,organico,2025-11-04
C0367,Telmo Guzman,qponce@example.com,Málaga,tienda,2023-03-26
C0368,Heliodoro Ayuso,srobles@example.net,Alicante,paid,2024-10-20
C0369,Moreno Montaña,despejo@example.org,Alicante,paid,2023-05-07
C0370,Teodoro Iniesta,llabresrosalva@example.com,Alicante,organico,2024-12-04
C0371,Duilio Tudela,,Barcelona,paid,2023-03-22
C0372,Odalys Lloret,,Sevilla,tienda,2025-06-18
C0373,Ariel Bertrán,penasximena@example.com,Valencia,referral,2025-02-02
C0374,Felipa Escudero,ysaldana@example.org,Bilbao,tienda,2025-04-17
C0375,Régulo Plaza,riusleonardo@example.com,Zaragoza,organico,2024-11-16
C0376,Lisandro Pablo,imena@example.com,Barcelona,referral,2023-07-13
C0377,Flora Redondo,hernanbarragan@example.org,Málaga,referral,2024-05-31
C0378,Susanita Arco,juan-antonioarrieta@example.net,Valencia,referral,2023-06-16
C0379,Nereida Porras,saturnina83@example.com,Valencia,referral,2024-09-27
C0380,Carmelita Torrecilla,rzamora@example.com,Málaga,paid,2023-06-23
C0381,Herminio Verdú,leyre66@example.org,Bilbao,tienda,2024-11-03
C0382,Dora Lucena,rosendomanzano@example.com,Valencia,organico,2025-05-17
C0383,Carmela Carretero,carbonellfernanda@example.org,Zaragoza,organico,2025-01-12
C0384,Prudencio Aliaga,albertandrade@example.net,Bilbao,paid,2024-03-14
C0385,Malena Aguado,bernadmaximiano@example.net,Zaragoza,tienda,2024-01-29
C0386,Gala Batalla,navarreteazahara@example.com,Sevilla,paid,2023-11-14
C0387,Ágata Cordero,pablo10@example.net,Barcelona,referral,2023-07-27
C0388,Leandra Almansa,abernat@example.net,Madrid,referral,2023-09-26
C0389,Trinidad Casals,felix61@example.org,Málaga,paid,2023-11-29
C0390,Flavio Marqués,kmur@example.com,Valencia,paid,2025-06-15
C0391,Eugenio Castellanos,jaimericart@example.net,Madrid,tienda,2025-01-16
C0392,Montserrat Botella,selena18@example.org,Sevilla,tienda,2024-08-06
C0393,Octavia Tomás,emmariera@example.net,Alicante,paid,2025-12-29
C0394,Maite Cabezas,angelino18@example.org,,referral,2025-08-18
C0395,Néstor Benito,nsalazar@example.com,Sevilla,referral,2025-06-21
C0396,María José Rojas,clobato@example.org,Alicante,referral,2025-02-21
C0397,Augusto Pozo,ligia57@example.net,Málaga,paid,2024-02-13
C0398,Luciano Calvo,lazaro23@example.com,,referral,2023-04-17
C0399,Dorotea Clavero,castellogerman@example.net,Alicante,referral,2023-07-30
C0400,Julián Castells,tcornejo@example.net,Barcelona,referral,2023-06-21
C0401,Aníbal Baró,dpastor@example.org,Valencia,referral,2025-07-09
C0402,Eulalia Quirós,tiburcio53@example.org,Valencia,tienda,2023-07-07
C0403,Teófila Quintana,monica68@example.com,Sevilla,tienda,2024-12-16
C0404,Emiliana Gómez,aguadotrinidad@example.org,Madrid,tienda,2023-04-20
C0405,Maristela Corominas,octaviacastilla@example.org,Málaga,referral,2024-04-27
C0406,Manuela Cal,renatoortuno@example.org,Málaga,organico,2025-02-06
C0407,Geraldo Bautista,elisa40@example.org,Sevilla,organico,2024-10-14
C0408,Dan Falcón,wcuellar@example.net,Barcelona,referral,2023-10-27
C0409,María Pilar Ferrández,reginaarce@example.org,Valencia,organico,2024-08-10
C0410,Inés Ramis,verabalaguer@example.org,Alicante,paid,2025-08-18
C0411,Juana Moliner,tmanzanares@example.com,Alicante,organico,2023-06-12
C0412,Jorge Arnaiz,,,referral,2024-03-17
C0413,Martin Galan,porfirio80@example.org,Valencia,tienda,2023-08-16
C0414,Manola Guitart,leandro02@example.com,Bilbao,paid,2024-09-08
C0415,Nilda Agullo,rourareynaldo@example.com,Barcelona,organico,2024-05-03
C0416,Matías Galvez,opino@example.org,Málaga,tienda,2023-05-09
C0417,Ruy Benito,monicaosuna@example.com,Barcelona,tienda,2023-02-03
C0418,Cristian Silva,pdelgado@example.com,Sevilla,paid,2024-08-19
C0419,Reyna Moreno,bvaldes@example.net,Málaga,organico,2024-12-23
C0420,Teo Páez,paloma68@example.net,Sevilla,tienda,2024-01-19
C0421,Cintia Gisbert,patricioteruel@example.net,,referral,2023-05-19
C0422,Jesusa Anglada,javierledesma@example.com,Madrid,tienda,2025-08-20
C0423,Andrés Felipe Lasa,adelina46@example.org,Madrid,tienda,2025-02-03
C0424,Luz Jáuregui,juan-antonio30@example.com,Bilbao,organico,2025-01-01
C0425,Loreto López,liliaaviles@example.org,Barcelona,referral,2024-05-08
C0426,Hortensia Palomar,marianoaragones@example.org,Barcelona,referral,2023-10-01
C0427,Dimas Capdevila,valentina15@example.org,Madrid,referral,2024-11-24
C0428,José Antonio Leiva,ojerez@example.com,Valencia,tienda,2025-09-07
C0429,Martina Carrasco,armengoljordi@example.com,Valencia,paid,2023-05-10
C0430,Carmen Pedrero,cintia86@example.net,Alicante,organico,2024-08-23
C0431,Dani Duarte,liliagimenez@example.net,Sevilla,organico,2024-02-13
C0432,Íñigo Novoa,vsaavedra@example.org,Madrid,referral,2024-09-27
C0433,Efraín Expósito,alegriamaricruz@example.net,Málaga,tienda,2024-06-02
C0434,Pánfilo Bernat,pilarprado@example.com,Madrid,paid,2024-08-08
C0435,Eulalia Robledo,julia55@example.net,Zaragoza,organico,2024-11-10
C0436,Chelo Cifuentes,jordanema@example.net,Bilbao,organico,2025-01-23
C0437,Elvira Neira,qgrau@example.net,Málaga,tienda,2025-06-19
C0438,Ciro Ródenas,maristelaiglesias@example.net,Málaga,referral,2024-01-18
C0439,Hugo Cabrera,alejandra28@example.com,Alicante,tienda,2025-01-22
C0440,Benjamín Tenorio,aramburudomitila@example.com,Bilbao,organico,2025-05-19
C0441,Cristian Alfonso,jpinto@example.com,Barcelona,tienda,2024-01-05
C0442,Lorenza Giner,dbarranco@example.com,Bilbao,referral,2023-07-30
C0443,Pepe Montalbán,mdieguez@example.com,Barcelona,referral,2024-08-28
C0444,Gerardo Carrasco,dominguezobdulia@example.net,Bilbao,tienda,2025-05-22
C0445,Ariadna Linares,atilio85@example.org,,tienda,2024-12-20
C0446,Aurora Cueto,maria-fernandatudela@example.com,Alicante,organico,2024-12-23
C0447,Chema Roca,rafaelvega@example.com,Málaga,referral,2023-04-28
C0448,Lucila Tenorio,urbanoisern@example.org,Barcelona,tienda,2025-01-14
C0449,David Maestre,griseldacastellanos@example.net,Valencia,organico,2023-10-20
C0450,Cristian Pinedo,omorera@example.net,Alicante,organico,2023-09-16
C0451,Guadalupe Amat,niloiglesia@example.com,Barcelona,paid,2025-01-20
C0452,Severo Aramburu,baqueroemilio@example.net,Zaragoza,tienda,2023-03-08
C0453,Pilar Gomila,dmartorell@example.net,Valencia,tienda,2025-01-29
C0454,Juan Bautista Benavente,reinagomis@example.com,Zaragoza,tienda,2023-06-07
C0455,Blanca Cardona,gabinomontero@example.net,Valencia,referral,2025-03-26
C0456,Edu Gonzalo,fabiolagonzalez@example.net,Zaragoza,referral,2024-05-26
C0457,Serafina Llorens,octaviagirona@example.org,,organico,2024-01-17
C0458,Elvira Morán,jesus56@example.org,Alicante,tienda,2023-08-30
C0459,Sarita Goñi,sanmiguelgoyo@example.net,Bilbao,referral,2025-07-02
C0460,Lola Tovar,jeronimoestrada@example.net,Sevilla,referral,2025-10-02
C0461,Leticia Pol,adoracionguerrero@example.org,Sevilla,organico,2023-10-05
C0462,Remigio Cañas,kpozo@example.net,Barcelona,tienda,2023-12-20
C0463,Lorena Solsona,jbaeza@example.org,Alicante,organico,2024-10-16
C0464,Julia Calvo,chema86@example.com,Zaragoza,organico,2024-08-17
C0465,Desiderio Doménech,humberto34@example.org,Bilbao,paid,2023-12-23
C0466,Asunción Portero,duqueisidoro@example.org,Zaragoza,paid,2023-09-06
C0467,Ale Salvador,alberomartirio@example.net,Sevilla,paid,2024-04-29
C0468,Manuelita Criado,socorro96@example.com,,organico,2025-01-09
C0469,Lola Zaragoza,ramiro36@example.net,Zaragoza,tienda,2023-09-23
C0470,Felipe Carrera,millapaloma@example.org,,organico,2024-09-25
C0471,Mercedes Boada,coellonarciso@example.net,Málaga,tienda,2025-12-12
C0472,Cecilia Aguilera,sperera@example.org,Málaga,tienda,2023-06-01
C0473,Carolina Royo,verdugomar@example.net,Valencia,referral,2023-06-01
C0474,Visitación Leon,cespedestimoteo@example.com,Alicante,tienda,2025-11-25
C0475,Anna Pazos,ypazos@example.com,Zaragoza,paid,2024-01-08
C0476,Sebastián Enríquez,patricio66@example.com,Valencia,tienda,2025-10-26
C0477,Toribio Villar,ikeralcala@example.net,Madrid,organico,2025-11-27
C0478,Jordán Alcolea,lserna@example.org,Valencia,referral,2023-12-04
C0479,Arcelia Giralt,lpalau@example.org,Valencia,referral,2024-04-06
C0480,Pedro Guerrero,vinasprimitiva@example.org,Zaragoza,referral,2023-06-11
C0481,Marcos Palomares,cllanos@example.net,Bilbao,paid,2024-07-16
C0482,Mario Tejero,uvalenciano@example.com,Valencia,referral,2025-12-28
C0483,Guiomar Llorente,alemanyaitor@example.com,Barcelona,paid,2023-11-12
C0484,Marcia Sánchez,barrosopaulino@example.net,Valencia,referral,2023-03-26
C0485,Domingo Gutierrez,samuhurtado@example.net,Madrid,organico,2023-04-04
C0486,Anna Navarro,gutierrezleopoldo@example.com,,paid,2025-05-03
C0487,Violeta Morell,carreteroaurora@example.com,Madrid,tienda,2024-08-16
C0488,Florinda Gallo,fsalamanca@example.com,Bilbao,tienda,2024-05-16
C0489,Augusto Tirado,manuel98@example.net,Málaga,referral,2025-07-17
C0490,Camila Silva,octaviorodenas@example.org,Barcelona,organico,2023-11-20
C0491,Leyre Casals,cazorlagabriel@example.net,Alicante,tienda,2025-09-18
C0492,Cloe Mendoza,rhuertas@example.net,Alicante,paid,2024-11-27
C0493,Aurelio Adadia,alfaroasdrubal@example.org,Valencia,referral,2024-10-15
C0494,Eloísa Anaya,molescalista@example.net,Zaragoza,tienda,2023-09-25
C0495,Sebastián Moreno,remediosleal@example.net,Zaragoza,organico,2024-10-15
C0496,Cleto Arregui,dfabra@example.net,Sevilla,tienda,2023-09-08
C0497,Isidro Macias,arinocaridad@example.com,Bilbao,tienda,2024-05-22
C0498,Chucho Fuentes,morena12@example.org,Valencia,organico,2023-04-14
C0499,Glauco Barroso,micaela79@example.net,Bilbao,tienda,2025-05-06
C0500,Esther Crespo,,Sevilla,paid,2024-11-01
C0501,Ani Gordillo,mireufemia@example.com,Zaragoza,paid,2023-11-23
C0502,Alicia Bermúdez,hmuniz@example.com,Alicante,tienda,2025-10-18
C0503,Arcelia Puga,malojovita@example.net,Bilbao,tienda,2023-02-17
C0504,Ainoa Leiva,nicanor51@example.org,Barcelona,tienda,2025-11-01
C0505,Evangelina Niño,ivan22@example.org,Alicante,paid,2024-03-16
C0506,Josué Cano,rodriguezricarda@example.com,Zaragoza,organico,2023-04-14
C0507,Jorge Llanos,raquel38@example.org,Bilbao,tienda,2025-08-21
C0508,Luis Sans,pradooctavio@example.org,Bilbao,organico,2023-08-09
C0509,Estela Bastida,qmurillo@example.com,Málaga,paid,2024-06-25
C0510,María Fernanda Morell,pacorivera@example.net,Zaragoza,tienda,2025-01-19
C0511,María Villena,malcaraz@example.net,Madrid,tienda,2023-04-15
C0512,Leonel Suarez,ernesto42@example.net,Sevilla,referral,2024-08-14
C0513,Delia Cardona,emelina35@example.org,Barcelona,tienda,2025-10-29
C0514,Jose Manuel López,,Alicante,referral,2023-09-01
C0515,Eutimio Ferrero,perla21@example.com,Valencia,organico,2025-03-17
C0516,Cipriano Cobo,aliciaserna@example.com,Zaragoza,referral,2025-01-18
C0517,Julieta Duque,rosendoginer@example.org,Valencia,paid,2025-11-08
C0518,Carmen Puga,arteagadomitila@example.net,Málaga,organico,2023-04-03
C0519,Danilo Campo,piapiquer@example.org,Madrid,paid,2024-11-13
C0520,Manu Pizarro,losadagaspar@example.org,,tienda,2023-11-02
C0521,Tere Tormo,jbuendia@example.net,Valencia,referral,2024-10-14
C0522,Dimas Barbero,,Valencia,tienda,2024-09-04
C0523,Adolfo Terrón,lourdes09@example.org,Zaragoza,tienda,2024-09-05
C0524,Pascuala Benitez,uguitart@example.net,Alicante,organico,2025-01-24
C0525,Nazario Cabanillas,afalco@example.org,Zaragoza,organico,2025-05-03
C0526,Soledad Vargas,jacintosanmiguel@example.org,Bilbao,organico,2025-08-29
C0527,Pedro Casares,milagros25@example.com,Bilbao,paid,2023-04-16
C0528,Sergio Palacio,,Alicante,paid,2025-12-09
C0529,Brígida Jaén,liliagranados@example.org,Málaga,paid,2024-05-11
C0530,Baudelio López,jrossello@example.com,Madrid,organico,2024-01-26
C0531,Vito Canet,haroldo22@example.org,Madrid,tienda,2024-10-04
C0532,Patricia Blasco,eugeniolobato@example.com,Málaga,paid,2025-04-25
C0533,Natanael Andrade,cornejopatricia@example.net,,tienda,2025-10-24
C0534,Casandra Velázquez,jessicaalberdi@example.org,Alicante,organico,2023-10-10
C0535,Urbano Pallarès,florentino09@example.com,Sevilla,referral,2025-09-06
C0536,Rufino Salvà,felixripoll@example.org,Málaga,referral,2023-12-21
C0537,Haroldo Peñalver,sbayo@example.com,Alicante,referral,2024-12-26
C0538,Che Expósito,ceferinocerda@example.org,Bilbao,tienda,2024-01-29
C0539,Remigio Amigó,rosadogenoveva@example.com,Sevilla,referral,2024-09-03
C0540,Sabas Amo,wolivares@example.net,Sevilla,referral,2024-08-14
C0541,Gisela Ibañez,pespinosa@example.org,Sevilla,tienda,2024-10-11
C0542,Sebastián Verdugo,ybarragan@example.org,Alicante,referral,2024-07-14
C0543,Eliana Seco,jvidal@example.net,Bilbao,organico,2025-02-16
C0544,Adalberto Moraleda,marciano64@example.org,Málaga,referral,2023-10-27
C0545,Nicanor Ortega,zoraidacarbo@example.com,Bilbao,organico,2024-08-12
C0546,Octavia Rivero,bernardalucas@example.com,Barcelona,referral,2025-06-24
C0547,Noa Niño,victor05@example.net,Bilbao,tienda,2024-03-14
C0548,Marciano Guardia,brunildairiarte@example.net,Sevilla,referral,2024-07-10
C0549,Tere Colom,torrijoslupita@example.org,Valencia,organico,2024-05-05
C0550,Tomasa Dalmau,,Sevilla,organico,2025-12-23
C0551,Custodio Criado,ycarnero@example.com,Sevilla,paid,2023-04-18
C0552,Rico Muro,wpallares@example.com,Barcelona,tienda,2024-11-07
C0553,Hector Bastida,valeria82@example.net,Alicante,organico,2023-10-09
C0554,Emperatriz Sobrino,celso75@example.net,Madrid,paid,2025-04-13
C0555,Verónica Puig,clotilde21@example.org,Alicante,tienda,2024-02-13
C0556,José Manuel Llorens,nmorata@example.org,Bilbao,referral,2024-08-07
C0557,Juanita Cañete,visitacionpiquer@example.org,Madrid,organico,2024-04-20
C0558,Marc Galan,wcabanas@example.org,Madrid,paid,2025-05-05
C0559,Ricarda Salvador,naller@example.net,Valencia,organico,2025-03-24
C0560,Jose Antonio Pera,sigfrido24@example.net,Alicante,paid,2024-08-15
C0561,Paco Peralta,gallogonzalo@example.net,Madrid,organico,2024-09-03
C0562,Martina Iborra,gguitart@example.org,Barcelona,referral,2024-08-05
C0563,Hugo Tomé,linaanguita@example.net,,tienda,2023-10-02
C0564,Cristian Andres,ines09@example.net,Alicante,referral,2024-01-30
C0565,Gonzalo Vendrell,elisaalegria@example.com,Barcelona,referral,2023-11-29
C0566,Magdalena Navas,moreracharo@example.org,Alicante,referral,2024-01-17
C0567,Amílcar Borrego,jennifer12@example.net,Madrid,referral,2024-08-27
C0568,Beatriz Tejero,sernainigo@example.net,Sevilla,paid,2025-04-10
C0569,Ramiro Ortega,asola@example.com,Málaga,referral,2023-06-27
C0570,Maxi Llobet,agustinelpidio@example.org,Málaga,organico,2024-01-14
C0571,Zaira Ribas,benignasans@example.org,Valencia,tienda,2024-10-24
C0572,Evaristo Milla,laura31@example.com,Sevilla,organico,2024-06-18
C0573,Nazaret Lledó,mayolnidia@example.net,Málaga,paid,2025-07-03
C0574,Amalia Llanos,ycases@example.com,Bilbao,referral,2024-09-10
C0575,Sol Cano,lopezmarc@example.org,Madrid,referral,2025-01-06
C0576,Vanesa Romero,ncontreras@example.com,Sevilla,organico,2023-08-31
C0577,Áurea Carbajo,pcarnero@example.org,Alicante,referral,2023-11-24
C0578,Iris Beltrán,rocasandra@example.net,Málaga,referral,2023-08-29
C0579,José Luis Pujadas,acheca@example.com,Bilbao,referral,2024-03-28
C0580,Zoraida Izaguirre,macariomanso@example.org,Sevilla,paid,2025-09-06
C0581,Felipa Jove,ema71@example.org,Valencia,tienda,2025-02-04
C0582,Cayetana Arrieta,montoyanelida@example.com,Málaga,tienda,2024-03-23
C0583,Alondra Ordóñez,carpiohernan@example.com,Sevilla,organico,2025-12-12
C0584,Maxi Salvador,fcornejo@example.org,Alicante,referral,2023-06-09
C0585,Porfirio Carrera,,Barcelona,organico,2025-11-01
C0586,Nilo Leon,miguelaroman@example.org,Sevilla,paid,2023-12-03
C0587,Encarna Ribas,llabressandra@example.org,Zaragoza,tienda,2023-08-27
C0588,Segismundo Miró,vverdejo@example.com,Sevilla,tienda,2023-07-06
C0589,Lourdes Sandoval,halsina@example.com,Alicante,organico,2025-07-17
C0590,Flor Uría,anabelmenendez@example.org,Valencia,tienda,2025-07-24
C0591,Aurora Aroca,cardenasseveriano@example.org,Madrid,tienda,2024-09-23
C0592,Inés Larrea,lguerrero@example.org,Madrid,tienda,2024-06-05
C0593,Mamen Gordillo,soledad67@example.net,Madrid,paid,2023-05-30
C0594,Cecilia Gámez,ymayo@example.net,Madrid,tienda,2024-12-06
C0595,Caridad Mur,lperea@example.net,Barcelona,organico,2023-05-22
C0596,Itziar Cerro,zsala@example.org,Alicante,organico,2024-08-10
C0597,Amor Alcaraz,yfiguerola@example.com,Málaga,paid,2023-10-05
C0598,Belen Antúnez,carolina47@example.org,Málaga,referral,2025-02-22
C0599,Jeremías Reig,maciasdavid@example.net,Alicante,tienda,2025-02-08
C0600,Ruben Recio,primitivo65@example.org,Barcelona,paid,2024-12-13
C0601,Manuel Cadenas,nereaalfaro@example.net,Barcelona,paid,2025-03-15
C0602,Fernanda Padilla,abilio68@example.org,Valencia,paid,2023-01-08
C0603,Gerónimo Rubio,estebanjessica@example.org,Madrid,referral,2025-08-06
C0604,Nadia Asenjo,ncatalan@example.net,Málaga,tienda,2024-04-15
C0605,Raquel Vaquero,llorenslilia@example.net,Sevilla,tienda,2024-12-09
C0606,Encarna Alcalde,pramirez@example.com,Valencia,referral,2024-01-22
C0607,Flora Quiroga,loida22@example.com,Barcelona,organico,2025-05-08
C0608,Rosario Cortina,ipastor@example.net,Madrid,paid,2024-02-27
C0609,Tristán Ibañez,dsanabria@example.org,Barcelona,organico,2023-03-10
C0610,Edmundo Barba,santiago86@example.net,Alicante,organico,2024-05-16
C0611,Olegario Palau,mateo90@example.net,Madrid,tienda,2025-06-17
C0612,Bruno Alcaraz,visitacionarnau@example.com,Sevilla,paid,2023-04-26
C0613,Bernabé Bartolomé,hbertran@example.org,Valencia,referral,2024-04-24
C0614,Pilar Cervera,pineirocelia@example.net,Zaragoza,referral,2024-04-30
C0615,Anita Velasco,cristian99@example.org,Bilbao,paid,2025-12-03
C0616,Nazario Portillo,rosa80@example.com,Sevilla,tienda,2024-09-07
C0617,Leticia Torrent,lbaez@example.com,Bilbao,organico,2023-12-25
C0618,Aureliano Ortiz,chucho82@example.net,Málaga,tienda,2023-04-07
C0619,Nacio Valdés,antonberta@example.net,Zaragoza,tienda,2025-12-10
C0620,Begoña Martín,nzurita@example.org,Zaragoza,tienda,2025-04-16
C0621,Lorena Carrillo,ugrande@example.net,Valencia,referral,2025-02-09
C0622,Nieves Antúnez,,Valencia,tienda,2024-05-08
C0623,Pastor Cerdá,drosado@example.com,Sevilla,referral,2023-10-23
C0624,Bernardita Calderon,zgarriga@example.org,Alicante,organico,2025-04-25
C0625,Victor Andreu,arnalisidoro@example.com,Málaga,paid,2025-03-06
C0626,Zaida Posada,ssalazar@example.org,Sevilla,referral,2024-02-21
C0627,Nieves Mate,,Zaragoza,organico,2025-07-10
C0628,René Villalobos,guadalupe57@example.net,Zaragoza,organico,2024-01-26
C0629,Sancho Pla,vidaldieguez@example.com,Madrid,referral,2025-02-11
C0630,Angélica Merino,marinocampillo@example.org,Madrid,organico,2024-01-21
C0631,Duilio Estrada,renata02@example.com,Sevilla,tienda,2024-03-03
C0632,Diego Tamayo,aluna@example.org,Zaragoza,referral,2023-02-01
C0633,Segismundo Fabregat,maria02@example.com,Sevilla,paid,2023-08-29
C0634,Albina Gual,martingregorio@example.com,,paid,2024-02-23
C0635,Beatriz Madrigal,gverdejo@example.org,Málaga,paid,2024-10-20
C0636,Calista Ugarte,avaldes@example.net,Bilbao,tienda,2025-08-12
C0637,Carina Robles,,Zaragoza,referral,2024-06-19
C0638,Fabiola Gámez,votero@example.net,Zaragoza,tienda,2025-08-12
C0639,Nerea Villar,fcoronado@example.com,Barcelona,tienda,2024-10-17
C0640,Morena Verdú,zmurillo@example.net,Sevilla,referral,2024-10-02
C0641,Leyre Córdoba,xropero@example.com,Málaga,organico,2024-03-29
C0642,Reyna Calatayud,hernando98@example.org,Valencia,organico,2024-06-18
C0643,Demetrio Araujo,nacho08@example.org,Málaga,referral,2023-11-09
C0644,Susanita Albero,florencia64@example.org,Sevilla,referral,2024-04-16
C0645,Rosa María Isern,pacojove@example.net,Málaga,paid,2025-10-19
C0646,Octavia Catalán,desiderio55@example.net,Zaragoza,referral,2025-09-27
C0647,Belen Guitart,loretomoran@example.com,Alicante,tienda,2023-12-11
C0648,Lalo Cobos,rmiralles@example.org,Zaragoza,paid,2023-10-14
C0649,Cirino Sancho,amado75@example.org,Alicante,paid,2023-05-01
C0650,Buenaventura Guzmán,leonel50@example.net,Madrid,organico,2023-04-10
C0651,Mauricio Zorrilla,amaya99@example.net,Madrid,tienda,2023-10-09
C0652,Urbano Antúnez,peinadocebrian@example.org,Sevilla,organico,2023-11-06
C0653,Toño Fuster,bertainiguez@example.com,Madrid,paid,2025-11-01
C0654,Zacarías Simó,pmugica@example.net,Alicante,referral,2023-05-04
C0655,Paz Bayona,fulgencioanton@example.net,Alicante,tienda,2023-02-02
C0656,Pascuala Novoa,abrilfrancisca@example.org,Madrid,tienda,2023-01-25
C0657,Bárbara Lladó,marinorafaela@example.org,Madrid,referral,2024-08-10
C0658,Rosalina Ferrera,sergio36@example.net,Madrid,tienda,2024-01-03
C0659,Abigaíl Salamanca,petrona02@example.com,Barcelona,organico,2025-12-09
C0660,Melania Busquets,pvalenciano@example.net,Valencia,paid,2024-01-29
C0661,Buenaventura Sosa,,Bilbao,referral,2024-07-01
C0662,Isidro Prieto,agustinledesma@example.com,Málaga,organico,2025-02-03
C0663,Sigfrido Tudela,bibiana25@example.com,Málaga,tienda,2024-05-13
C0664,Macaria Rico,iaguado@example.net,Sevilla,referral,2023-06-15
C0665,Francisco Jose Cárdenas,ccano@example.org,Madrid,organico,2025-04-10
C0666,Chucho Solana,poloperla@example.com,Málaga,tienda,2025-09-01
C0667,Rosalía Blazquez,qnicolas@example.com,Madrid,organico,2023-12-17
C0668,Paulina Arévalo,galvezmodesta@example.com,Barcelona,tienda,2025-06-07
C0669,Lucas Castellanos,demetrioponce@example.com,Zaragoza,organico,2025-12-17
C0670,Fátima Reyes,emilio61@example.net,Madrid,paid,2024-03-08
C0671,Curro Tapia,espadaariel@example.org,Alicante,referral,2023-04-06
C0672,Xavier Ordóñez,chaconchema@example.com,Barcelona,referral,2023-03-09
C0673,Adela Castrillo,qcerezo@example.com,Valencia,referral,2023-02-02
C0674,Dionisio Saez,rrossello@example.com,Sevilla,paid,2025-03-26
C0675,Raúl Navas,raquel42@example.com,Barcelona,referral,2023-11-29
C0676,Édgar Rubio,bayonanereida@example.com,Sevilla,tienda,2024-11-10
C0677,Mariana Sotelo,penalverdolores@example.com,Málaga,paid,2023-06-10
C0678,Adán Amigó,sazorin@example.com,Zaragoza,organico,2023-07-20
C0679,Venceslás Marco,,Málaga,paid,2023-06-05
C0680,Cesar Palacios,solrosello@example.com,Zaragoza,tienda,2024-10-30
C0681,Tristán Cabello,lcompany@example.net,Madrid,referral,2025-07-11
C0682,Jaime Cabrera,estrellamora@example.org,Alicante,paid,2024-12-29
C0683,Graciano Moya,amarilishernandez@example.org,Málaga,tienda,2024-01-16
C0684,Francisco Alcántara,ganton@example.net,Málaga,organico,2024-08-27
C0685,Adolfo Sureda,rita18@example.com,Sevilla,organico,2023-06-18
C0686,Salud Rosado,pbou@example.net,,paid,2025-02-17
C0687,María Fernanda Antón,rosario75@example.org,Valencia,tienda,2024-10-10
C0688,Mario Hierro,,Zaragoza,organico,2023-07-07
C0689,Emelina Gilabert,carmelita28@example.org,Madrid,referral,2025-06-29
C0690,Jordana Casal,clara71@example.net,Zaragoza,referral,2023-07-29
C0691,Etelvina Mendez,flaviopardo@example.com,Valencia,organico,2024-01-19
C0692,Fabio Montaña,xcamps@example.org,Málaga,tienda,2025-11-15
C0693,María Sevilla,barraganulises@example.com,,organico,2023-02-23
C0694,Rosario Segarra,gertrudis12@example.net,Barcelona,referral,2023-07-10
C0695,Arcelia Laguna,ferrerofernando@example.net,Zaragoza,tienda,2023-01-26
C0696,Elisabet Gil,candelaria01@example.org,Bilbao,tienda,2025-03-05
C0697,Leire Pavón,paula76@example.com,Barcelona,paid,2025-12-03
C0698,Lisandro Pardo,pfuertes@example.com,Valencia,tienda,2023-12-14
C0699,Eutimio Daza,ezequiel86@example.com,Valencia,referral,2024-09-08
C0700,Atilio Alcalá,salamancacirino@example.com,,tienda,2023-10-26
C0701,Edmundo Suarez,vserra@example.com,Barcelona,paid,2025-06-09
C0702,Samanta Belmonte,rosendo24@example.com,Bilbao,tienda,2024-09-05
C0703,Leonor Cabañas,natividadrincon@example.net,Alicante,organico,2025-01-09
C0704,Amaro Cazorla,walter81@example.org,Bilbao,paid,2025-10-12
C0705,Manola Nuñez,ines02@example.net,Sevilla,tienda,2023-08-08
C0706,Eloísa Castro,calderonleonardo@example.com,Valencia,referral,2023-01-14
C0707,Toni Carreño,teobaldo65@example.com,Málaga,referral,2025-02-17
C0708,Marc Yáñez,dario71@example.net,Zaragoza,tienda,2024-11-16
C0709,Aroa Aguilera,jbautista@example.net,Málaga,paid,2024-09-07
C0710,Evangelina Vendrell,bpont@example.org,Zaragoza,paid,2025-09-08
C0711,Timoteo Vega,leopoldolumbreras@example.com,Zaragoza,paid,2025-03-26
C0712,Adolfo Jaén,cvillar@example.net,Zaragoza,referral,2025-10-02
C0713,Fanny Ferrer,arcojulieta@example.net,Sevilla,referral,2025-02-09
C0714,Samuel Manrique,manjoneusebio@example.net,Bilbao,tienda,2025-01-17
C0715,Benito Cerdán,lunacristian@example.net,Barcelona,paid,2024-01-04
C0716,Manu Montaña,albano73@example.net,Madrid,tienda,2024-03-05
C0717,Toni Mateu,pliniosabater@example.org,Alicante,referral,2023-05-22
C0718,Fabiana Gámez,virginiaalemany@example.org,Málaga,tienda,2023-10-13
C0719,Teresa Gascón,silviario@example.com,Bilbao,paid,2024-06-01
C0720,Gabriela Cases,valleleire@example.net,Valencia,tienda,2025-02-11
C0721,Patricio Bautista,nrosales@example.org,Barcelona,tienda,2025-09-08
C0722,Jordi Ortiz,macario42@example.org,Málaga,tienda,2023-03-17
C0723,Feliciana Álvaro,trinidad74@example.org,Zaragoza,organico,2023-08-12
C0724,Angelita Jaén,eutropio23@example.org,Sevilla,referral,2023-12-07
C0725,Martina Cuervo,edelmiroguerra@example.net,Madrid,tienda,2024-11-10
C0726,Luciana Cañellas,sosamanu@example.com,Málaga,organico,2023-01-22
C0727,Álvaro Trillo,ubenitez@example.net,Barcelona,referral,2024-03-30
C0728,Carlota Gonzalo,agata03@example.net,Sevilla,tienda,2025-02-05
C0729,Adoración Royo,lbenet@example.net,Málaga,tienda,2025-10-21
C0730,Otilia Abad,gperez@example.com,,referral,2023-02-20
C0731,María Belén Fabregat,berto31@example.com,Alicante,organico,2024-08-28
C0732,Ainara Cáceres,cabezalisandro@example.com,Málaga,organico,2023-08-26
C0733,Elías Miró,navasgodofredo@example.org,Valencia,referral,2024-09-30
C0734,Lola Colom,maria-pilar29@example.org,Zaragoza,tienda,2024-02-28
C0735,Mayte Canals,carmelitamariscal@example.org,Alicante,referral,2025-09-02
C0736,Ale Gelabert,talonso@example.com,Barcelona,tienda,2025-07-15
C0737,Domingo Manzanares,consueloaranda@example.net,Zaragoza,organico,2024-09-06
C0738,Nilda Olmo,,Madrid,organico,2023-02-16
C0739,Quique Barceló,yrosell@example.com,,organico,2023-12-03
C0740,Gabriela Pinto,asenjotelmo@example.com,,paid,2023-11-24
C0741,Alicia Roig,,Zaragoza,tienda,2025-08-04
C0742,Sancho Pastor,chamorromiriam@example.net,Sevilla,tienda,2024-01-13
C0743,Román Machado,apoloniamontes@example.org,Valencia,tienda,2025-03-21
C0744,Aura Cerdá,leivamarcelino@example.org,Madrid,paid,2025-07-09
C0745,María Ángeles Julián,camila00@example.org,Málaga,tienda,2023-01-10
C0746,Anastasio Aragonés,begona40@example.org,,paid,2024-07-24
C0747,Albina Román,ceciliaballester@example.net,Barcelona,organico,2024-01-18
C0748,Sosimo Pizarro,abilio92@example.com,Zaragoza,referral,2024-02-08
C0749,Delfina Feijoo,jaimereig@example.com,Alicante,organico,2024-06-21
C0750,Luciana Palmer,tcuevas@example.net,Alicante,referral,2025-03-06
C0751,Mario Frías,garrigaoscar@example.org,Málaga,organico,2024-12-13
C0752,Piedad Lozano,genoveva07@example.com,Zaragoza,tienda,2023-12-20
C0753,Alba Belmonte,tapiajuan-pablo@example.net,Bilbao,organico,2023-10-02
C0754,Felix Guerrero,xsole@example.net,Zaragoza,organico,2024-05-03
C0755,Benigno Armas,rbermudez@example.org,Bilbao,organico,2024-01-10
C0756,Primitiva Bosch,stormo@example.com,Zaragoza,paid,2025-11-12
C0757,Joaquín Jover,ramonguardia@example.com,Málaga,tienda,2023-10-10
C0758,Carmela Planas,qalvarez@example.com,Málaga,tienda,2024-01-16
C0759,Beatriz Ayuso,molinerciriaco@example.org,Alicante,paid,2023-12-08
C0760,Benjamín Rivas,melchor91@example.com,Alicante,referral,2023-10-15
C0761,Serafina Villalonga,petronanavas@example.net,Valencia,referral,2025-07-12
C0762,Lola Lasa,,Madrid,referral,2023-01-20
C0763,Flora Ledesma,eufemia02@example.com,Alicante,paid,2024-02-04
C0764,Faustino Alfaro,chema75@example.net,Málaga,tienda,2025-04-17
C0765,Roxana Torrent,navarretemelania@example.net,Alicante,tienda,2025-06-28
C0766,Felicidad Silva,nacio02@example.com,Alicante,paid,2023-06-19
C0767,Emelina Criado,armandoquiros@example.com,Madrid,paid,2024-08-21
C0768,Leyre Casanovas,camilaabascal@example.com,Madrid,referral,2024-04-05
C0769,Armida Iborra,aroda@example.org,Bilbao,paid,2025-07-25
C0770,Ruy Gaya,maestrepaulino@example.net,Alicante,organico,2023-08-22
C0771,Chus Arias,bayonaloida@example.com,Bilbao,referral,2023-03-27
C0772,Itziar Aguilar,osvaldonavarro@example.com,Alicante,paid,2025-05-20
C0773,Aurora Oliva,mireiagisbert@example.net,Barcelona,paid,2024-09-01
C0774,Germán Bonilla,manu36@example.com,Madrid,tienda,2024-06-22
C0775,Azeneth Catalán,pizarroeugenia@example.org,Zaragoza,organico,2025-06-18
C0776,Basilio Peralta,ana-belen33@example.org,Barcelona,paid,2024-03-05
C0777,Felicia Noguera,albabernardita@example.net,Zaragoza,tienda,2023-12-06
C0778,Jaime Alcaraz,loretosebastian@example.net,Valencia,paid,2024-02-28
C0779,Mariano Landa,candido48@example.com,Madrid,referral,2025-12-26
C0780,Renato Nogués,perla99@example.net,Bilbao,paid,2024-10-24
C0781,Félix Hoz,reyes97@example.com,Bilbao,referral,2024-07-01
C0782,Ale Vara,alfonsonavarrete@example.net,Barcelona,paid,2025-04-22
C0783,Segismundo Cerezo,ssanchez@example.net,Madrid,referral,2023-09-17
C0784,María Fernanda Figueroa,garatebasilio@example.com,Valencia,paid,2023-10-27
C0785,Celestina Gallart,maxi27@example.com,Zaragoza,paid,2025-03-15
C0786,Salomé Rodríguez,agataterron@example.com,Alicante,paid,2024-07-04
C0787,Miguel Ángel Grau,maximo80@example.org,Málaga,tienda,2025-07-14
C0788,Elisa Castillo,aricart@example.net,Barcelona,organico,2025-04-05
C0789,Herberto Soto,victoria34@example.com,Bilbao,referral,2025-07-20
C0790,Ruperta Anguita,morenomarino@example.com,Alicante,referral,2023-01-06
C0791,Ámbar Casado,abeltran@example.org,Barcelona,tienda,2025-01-03
C0792,Fito Criado,vanesaarjona@example.org,Barcelona,tienda,2024-03-22
C0793,Jorge Nogués,samantacuesta@example.com,Málaga,paid,2025-10-10
C0794,Mónica Palma,trinidad93@example.org,Bilbao,referral,2024-08-03
C0795,Tomás Millán,jesusa72@example.org,Zaragoza,paid,2025-09-20
C0796,Irene Calzada,lvilanova@example.net,Zaragoza,organico,2023-04-05
C0797,Fito Velasco,asainz@example.org,Barcelona,tienda,2023-02-03
C0798,Jaime Llanos,almudenamontes@example.org,Barcelona,paid,2025-06-22
C0799,Rosalina Páez,lucilacorrea@example.org,Alicante,organico,2025-05-26
C0800,Cloe Malo,espanolaroa@example.net,Sevilla,paid,2024-09-10
C0801,Fidela Font,asdrubalmarquez@example.net,Valencia,referral,2023-07-11
C0802,Felisa Alfonso,carreraana-belen@example.net,Zaragoza,referral,2023-06-18
C0803,Roque Barrios,ingridagudo@example.net,Zaragoza,paid,2023-04-17
C0804,Francisco Javier Zamora,otilia28@example.com,Málaga,referral,2024-04-24
C0805,David Izaguirre,alonsogiron@example.org,Málaga,organico,2023-07-14
C0806,Vanesa Lobato,jose-carlosvalentin@example.net,Madrid,paid,2025-09-03
C0807,Anabel Raya,ursulacampos@example.net,Barcelona,paid,2024-04-08
C0808,Etelvina Bilbao,chus60@example.org,Alicante,organico,2023-01-17
C0809,Vanesa Sierra,alegrenayara@example.org,Zaragoza,organico,2025-05-14
C0810,Olegario Clemente,paloma70@example.org,Valencia,tienda,2023-05-26
C0811,Ainara Castellanos,nilomuniz@example.com,Sevilla,tienda,2023-07-02
C0812,Vinicio Expósito,,Barcelona,organico,2024-10-03
C0813,Manuela Olivera,escrivaoscar@example.org,,referral,2023-10-08
C0814,Julio Catalán,victor-manuel41@example.com,Málaga,paid,2023-10-20
C0815,Saturnina Porras,moranquique@example.net,Barcelona,organico,2023-12-03
C0816,Melania Cepeda,kcamps@example.net,Alicante,referral,2024-03-12
C0817,Eufemia Escamilla,desiderio36@example.org,Valencia,tienda,2025-06-25
C0818,Trini Zamora,prietoartemio@example.com,Sevilla,organico,2023-07-25
C0819,Ruy Guzmán,nadia16@example.com,Valencia,organico,2025-02-25
C0820,Jose Carlos Rodríguez,sorianoileana@example.net,Zaragoza,tienda,2024-10-06
C0821,Gervasio Benavente,mcatala@example.com,Valencia,paid,2024-07-21
C0822,Aarón Casares,faustoaller@example.com,Barcelona,paid,2024-08-06
C0823,Leoncio Gelabert,anita16@example.com,Madrid,referral,2024-02-25
C0824,Artemio Segarra,hilario86@example.org,Sevilla,tienda,2024-08-28
C0825,Azucena Hernandez,hamaya@example.net,Madrid,paid,2025-10-10
C0826,Maristela Sevillano,marinoosorio@example.net,Málaga,organico,2024-05-08
C0827,Fulgencio Luna,pinillaeli@example.org,Alicante,organico,2025-12-17
C0828,Aitor Montes,ivillena@example.org,Madrid,referral,2024-10-10
C0829,Cayetano Arco,almeidalupe@example.org,Valencia,tienda,2025-05-11
C0830,Vicenta Anglada,mireia23@example.net,Zaragoza,paid,2025-08-22
C0831,Anacleto Arias,vmacias@example.net,Barcelona,organico,2023-05-19
C0832,Otilia Simó,clotildearoca@example.net,Madrid,referral,2024-03-17
C0833,Reinaldo Diego,xnoguera@example.org,Madrid,organico,2025-03-26
C0834,Augusto Carrasco,amanda37@example.org,Bilbao,tienda,2025-05-17
C0835,Felipe Pérez,mirtaespanol@example.net,Málaga,organico,2023-11-09
C0836,Cruz Amor,ulises22@example.org,Bilbao,organico,2024-09-26
C0837,Silvio Benavent,armidabas@example.org,Barcelona,paid,2023-11-15
C0838,Ignacia Arco,coral64@example.com,Zaragoza,tienda,2023-05-16
C0839,Azahar Bernad,maximilianofernandez@example.com,Bilbao,tienda,2024-05-03
C0840,Amalia Gárate,contrerasjuan-francisco@example.net,Madrid,paid,2023-06-26
C0841,Jose Manuel Iglesia,osoriorosa@example.net,Málaga,organico,2025-07-17
C0842,Maite Heras,sarnaiz@example.com,Madrid,referral,2023-12-26
C0843,Manola Sastre,luis-miguel30@example.com,Barcelona,organico,2023-10-09
C0844,Carlota Ruano,jrodriguez@example.com,Madrid,paid,2025-10-13
C0845,Marino Mendez,wsarabia@example.org,Zaragoza,referral,2023-12-08
C0846,Javi Pérez,eloychico@example.com,Zaragoza,paid,2024-07-04
C0847,Vidal Mariño,bjurado@example.org,Barcelona,organico,2024-11-17
C0848,Gastón Porcel,pmontoya@example.com,Málaga,referral,2025-12-08
C0849,Jesusa Bello,loida68@example.org,Barcelona,referral,2023-06-07
C0850,Lupe Toledo,opascual@example.org,Alicante,tienda,2025-11-12
C0851,Martirio Ortega,wjara@example.net,Zaragoza,organico,2025-10-20
C0852,Bonifacio Fábregas,tania88@example.net,,referral,2023-11-19
C0853,Ulises Nadal,arevalodebora@example.net,Bilbao,organico,2023-08-25
C0854,Iris Tenorio,gertrudisgoni@example.org,Sevilla,organico,2023-04-01
C0855,José María Cáceres,dcantero@example.net,Madrid,paid,2023-04-05
C0856,Fabio Exposito,nidiajordan@example.net,,referral,2025-02-23
C0857,Primitiva Acedo,tadeofeliu@example.org,Valencia,paid,2023-03-14
C0858,Máxima Pereira,georginanicolau@example.org,,paid,2024-10-21
C0859,Toribio Arribas,ulisesmascaro@example.net,Sevilla,tienda,2024-10-17
C0860,Eugenio Larrañaga,,Bilbao,organico,2025-02-02
C0861,Danilo Blanco,celiapelayo@example.com,Barcelona,organico,2024-01-03
C0862,Itziar Jurado,patinocandela@example.com,,organico,2025-04-01
C0863,Priscila Montalbán,locana@example.net,Barcelona,tienda,2024-08-01
C0864,Isidro Aliaga,nsolsona@example.org,Bilbao,referral,2023-06-26
C0865,Pepe Manrique,apablo@example.com,Alicante,organico,2025-01-25
C0866,Roberta Marquez,bernalflorentino@example.org,Sevilla,referral,2024-09-14
C0867,Matías Guerra,ramirezgertrudis@example.net,Sevilla,tienda,2025-01-24
C0868,José Ángel Quintana,rodenasluis-angel@example.org,Alicante,paid,2024-05-17
C0869,Eladio Ramírez,melaniaortiz@example.org,Valencia,organico,2025-04-19
C0870,Juana Abella,ootero@example.com,Madrid,paid,2024-12-10
C0871,Manuela Talavera,zoraidacanet@example.org,,referral,2023-01-03
C0872,Carlito Murillo,ciriaco04@example.org,Málaga,referral,2023-08-01
C0873,América Quiroga,luisinacastells@example.net,Sevilla,paid,2025-05-09
C0874,Marta Iglesia,ciriaco65@example.com,Alicante,organico,2023-10-19
C0875,Amador Escolano,consuela84@example.org,Bilbao,organico,2023-03-31
C0876,Jose Ramón Castellanos,bsoriano@example.org,Sevilla,tienda,2025-02-01
C0877,Gil Villalobos,dario45@example.com,Alicante,organico,2023-07-15
C0878,Arcelia Parra,ssalcedo@example.com,Valencia,tienda,2023-06-03
C0879,Marita Suárez,artigascharo@example.com,Madrid,tienda,2023-09-25
C0880,Paola Coca,alcides83@example.com,Sevilla,referral,2024-06-18
C0881,Bernardita Roca,marceloroman@example.net,Zaragoza,tienda,2024-10-30
C0882,Jenny Pablo,soriaeusebio@example.org,Zaragoza,tienda,2024-07-10
C0883,Jose Miguel Giménez,dimas43@example.com,Sevilla,organico,2024-02-20
C0884,Rodolfo Porta,,Valencia,organico,2023-11-15
C0885,Trini Llanos,maria-luisaalberto@example.net,Barcelona,paid,2025-07-09
C0886,Juan Luis Amor,saezcelestino@example.org,Alicante,referral,2025-04-12
C0887,Leandra Vigil,emigdio26@example.org,Barcelona,referral,2024-03-01
C0888,Crescencia Boix,ojedaremedios@example.net,Alicante,referral,2025-08-06
C0889,Gala Pozuelo,azabaleta@example.com,Bilbao,organico,2023-07-05
C0890,Urbano Ortega,novoamarisol@example.org,Valencia,referral,2023-03-24
C0891,Daniel Montalbán,florenciocastillo@example.com,Sevilla,referral,2023-10-31
C0892,Jessica Giner,zheredia@example.org,Barcelona,paid,2024-12-29
C0893,Angelita Amorós,rurrutia@example.net,Málaga,organico,2024-09-04
C0894,Marina Nevado,saturnino12@example.net,Bilbao,paid,2023-03-05
C0895,Ligia Valdés,bbosch@example.org,Málaga,tienda,2024-05-26
C0896,Ciro Yuste,arjonaefrain@example.com,Barcelona,tienda,2023-07-28
C0897,Manola Pla,ucabeza@example.org,Valencia,organico,2023-01-25
C0898,Alicia Ayllón,lino27@example.org,Madrid,paid,2023-09-25
C0899,Clímaco Gallardo,salcedoamilcar@example.org,Sevilla,tienda,2025-02-01
C0900,Nando Juárez,,Barcelona,referral,2023-06-03
C0901,Maricruz Niño,zorrillacaridad@example.com,Madrid,organico,2024-02-09
C0902,Florencia Bayón,,Alicante,paid,2023-07-08
C0903,Pili Saez,,Zaragoza,organico,2023-03-29
C0904,Humberto Gomis,haroldo63@example.com,Alicante,organico,2023-12-11
C0905,Ulises Acevedo,icoello@example.org,Málaga,tienda,2025-10-13
C0906,Edgardo Ferrán,pastora10@example.com,Madrid,tienda,2025-05-23
C0907,Demetrio Redondo,dorita63@example.com,Valencia,referral,2024-03-15
C0908,Eric Meléndez,herviaalex@example.com,Valencia,referral,2024-07-27
C0909,Emilia Acosta,claudiavelazquez@example.com,Alicante,paid,2023-03-12
C0910,Curro Verdú,iprado@example.net,Sevilla,referral,2025-10-18
C0911,Cipriano Castells,walter98@example.com,Málaga,tienda,2023-05-05
C0912,Aureliano Ortega,glinares@example.org,Barcelona,referral,2025-02-23
C0913,León Arenas,fgibert@example.com,Valencia,tienda,2024-02-13
C0914,Baltasar Mateos,trinidadreguera@example.org,Sevilla,organico,2025-02-22
C0915,Delia Tudela,borrellnelida@example.com,Zaragoza,tienda,2025-09-19
C0916,Ruth Núñez,amaliagutierrez@example.org,Zaragoza,referral,2025-03-06
C0917,Pascual Carballo,ycalderon@example.com,Bilbao,paid,2023-02-23
C0918,Plinio Vigil,edgardomur@example.com,Zaragoza,paid,2023-03-02
C0919,Fortunato Riera,tenamerche@example.com,Bilbao,organico,2025-08-24
C0920,Américo Vilar,paco47@example.net,Zaragoza,paid,2023-11-23
C0921,Pancho Moles,emiliana89@example.com,Barcelona,paid,2024-05-08
C0922,Flora Torrijos,ralegria@example.com,,organico,2024-03-25
C0923,Ciríaco Morata,canetricardo@example.net,Málaga,referral,2023-12-22
C0924,Maximiano Pujol,qmonreal@example.org,Valencia,paid,2024-10-13
C0925,Clarisa Vergara,juliaanabel@example.net,,organico,2024-12-21
C0926,Jose Antonio Botella,sigfrido58@example.net,Valencia,paid,2025-10-05
C0927,Leticia Real,sros@example.com,Bilbao,paid,2025-10-01
C0928,Humberto Cózar,alemanrenato@example.com,Madrid,organico,2023-04-26
C0929,Francisco Javier Jover,bruelisabet@example.com,Sevilla,paid,2023-02-10
C0930,Consuelo Salgado,jpujol@example.org,Alicante,organico,2024-11-10
C0931,Lorenza Abella,josefina33@example.net,Sevilla,paid,2024-11-28
C0932,Emigdio Bueno,josep11@example.net,,referral,2023-05-02
C0933,Emilia Egea,teofilamorata@example.net,Madrid,paid,2023-10-18
C0934,Cesar Tena,thuguet@example.com,Barcelona,referral,2023-05-29
C0935,Cristóbal Giralt,bermudezamaya@example.com,Zaragoza,tienda,2023-07-26
C0936,Reyna Benavides,ferrandizteodoro@example.org,Zaragoza,referral,2024-10-22
C0937,Amaro Buendía,cruz54@example.net,Valencia,paid,2025-06-13
C0938,Juan Sanz,tponce@example.com,Alicante,referral,2023-12-23
C0939,Calisto Cuadrado,,Zaragoza,paid,2023-12-26
C0940,Jovita Ruiz,pmartinez@example.org,Málaga,referral,2024-08-26
C0941,Edu Sabater,arroyoflorina@example.net,Valencia,paid,2023-01-04
C0942,Hilario Salvador,bherrero@example.org,Málaga,organico,2024-01-08
C0943,Curro Carrión,ruth40@example.net,Zaragoza,paid,2023-08-02
C0944,Ciriaco Borrego,uaramburu@example.com,Alicante,paid,2024-11-09
C0945,Paula Maza,romanevelia@example.com,Barcelona,paid,2024-12-11
C0946,Ariel Amaya,rosenda65@example.net,Zaragoza,paid,2023-07-01
C0947,Nilo Falcó,mnunez@example.org,Zaragoza,tienda,2023-01-24
C0948,Begoña Riquelme,,Bilbao,paid,2024-05-26
C0949,Lorenza Mercader,valentinibarra@example.net,Barcelona,referral,2024-06-09
C0950,Constanza Arana,montoyaeva-maria@example.com,Barcelona,organico,2023-04-09
C0951,José Ángel Correa,svallejo@example.net,Málaga,tienda,2025-05-09
C0952,Ernesto Tenorio,zpineda@example.com,Valencia,tienda,2025-10-06
C0953,Victorino Torrecilla,paz11@example.com,Málaga,referral,2025-02-07
C0954,Valentín Soriano,rrobles@example.net,Barcelona,tienda,2024-04-06
C0955,Esther Sáenz,manuelaagustin@example.com,Valencia,tienda,2023-05-31
C0956,Marco Ureña,escrivayesica@example.org,Madrid,referral,2023-02-11
C0957,Marcio Casal,rpellicer@example.net,Zaragoza,referral,2023-08-03
C0958,Consuela Feliu,villenainigo@example.com,Barcelona,referral,2023-12-15
C0959,Xavier Clavero,isaacconesa@example.com,Málaga,paid,2023-06-03
C0960,María Sans,isa09@example.org,Barcelona,referral,2025-09-15
C0961,Juliana Gomila,zhurtado@example.org,Madrid,tienda,2023-12-04
C0962,Nidia Ruiz,castellsabina@example.org,Málaga,paid,2023-04-20
C0963,Juan Font,reygraciano@example.net,Barcelona,referral,2024-02-25
C0964,Berta Espinosa,delgadoherberto@example.org,Sevilla,tienda,2024-06-27
C0965,Gertrudis Plana,pabloriquelme@example.org,Bilbao,referral,2024-05-01
C0966,Micaela Sala,enriquezremedios@example.com,Barcelona,organico,2025-03-15
C0967,Angélica Roselló,isidoro03@example.org,Alicante,paid,2023-04-22
C0968,Nereida Vaquero,vllorente@example.net,,organico,2025-05-25
C0969,Gabriela Mariño,eveliapina@example.com,Barcelona,referral,2025-09-10
C0970,Graciano Galiano,ppadilla@example.net,Sevilla,organico,2023-02-22
C0971,Francisco Javier Aramburu,clemente15@example.com,Sevilla,paid,2024-08-20
C0972,Jose Francisco Patiño,msantamaria@example.net,Barcelona,tienda,2023-08-25
C0973,Florentino Páez,buenaventuracasas@example.org,Bilbao,tienda,2025-08-22
C0974,América Martinez,,Alicante,referral,2023-07-06
C0975,Iker Barón,izapata@example.com,Málaga,paid,2025-01-29
C0976,Francisco Jose Bolaños,rupertofrancisco@example.com,Málaga,referral,2024-01-18
C0977,Jose Ramón Hervia,zpiquer@example.net,Alicante,organico,2024-06-23
C0978,Ruben Padilla,flaviocompany@example.org,Alicante,tienda,2024-06-23
C0979,Pepito Luján,febe30@example.net,Sevilla,referral,2023-05-07
C0980,Lupita Belda,msantamaria@example.org,Valencia,organico,2023-06-25
C0981,Agapito Cifuentes,natanaelsole@example.org,Zaragoza,tienda,2024-04-10
C0982,José María Aragonés,hnicolau@example.net,Madrid,tienda,2025-12-06
C0983,Toribio Barreda,fvazquez@example.org,Málaga,tienda,2024-04-27
C0984,Nayara Alberto,martirio96@example.net,,referral,2023-06-11
C0985,Carlota Canales,rufinolobo@example.com,Málaga,organico,2025-10-25
C0986,Silvio Murcia,garcesdomingo@example.com,Valencia,organico,2025-07-08
C0987,Alexandra Crespo,,Valencia,paid,2024-03-09
C0988,Calista Pellicer,wcarbajo@example.net,Sevilla,paid,2023-03-29
C0989,Javi Estevez,pili62@example.org,Málaga,organico,2025-06-10
C0990,Clímaco Herrera,mirtabastida@example.org,Sevilla,paid,2024-06-12
C0991,Elba Peralta,rborja@example.com,Zaragoza,organico,2023-06-28
C0992,Ulises Pelayo,villaloboshernan@example.net,Málaga,tienda,2024-10-29
C0993,Guillermo Gutiérrez,ycanellas@example.com,Bilbao,tienda,2023-01-26
C0994,Agustina Gonzalez,csotelo@example.com,Málaga,organico,2025-04-28
C0995,Guiomar Robledo,arjonanazario@example.net,Valencia,paid,2023-07-25
C0996,Juan Carlos Vélez,arodenas@example.org,Barcelona,organico,2024-08-08
C0997,Rómulo Benitez,ariadnario@example.net,Zaragoza,tienda,2024-06-24
C0998,Octavio Cazorla,barrosoluna@example.net,Málaga,tienda,2025-08-26
C0999,Fulgencio Amat,valerio51@example.org,Madrid,paid,2024-07-18
C1000,Eugenio Flor,cesaraparicio@example.org,Málaga,paid,2025-04-02
